ID,FILE_FAKE_PROB,VOICE_FAKE_PROB,MUSIC_FAKE_PROB,VOICE_PRESENT_PROB,MUSIC_PRESENT_PROB
AUDIT_0016,0.8838480392,0.9165189862,0.9999997616,0.0482349768,0.8838482499
AUDIT_0015,0.8616055149,0.8657687902,0.9999996424,0.0394821689,0.861605823
AUDIT_0014,0.8593960144,0.8503911495,0.9999997616,0.0287524499,0.8593962193
AUDIT_0013,0.7449442488,0.7849533558,0.9999991655,0.0274439752,0.7449448705
AUDIT_0012,0.8203104995,0.8932824135,0.9999995232,0.0221844614,0.8203108907
AUDIT_0011,0.8897513414,0.8518571854,0.9999997616,0.0267209169,0.8897515535
AUDIT_0010,0.8838819957,0.9176235199,0.999999404,0.0278553572,0.8838825226
AUDIT_0009,0.8530169234,0.8685321212,0.9999995232,0.0352114625,0.8530173302
AUDIT_0008,0.8573177031,0.8596577048,0.9999998808,0.0282390192,0.8573178053
AUDIT_0007,0.9166314105,0.8546161652,0.9999991655,0.0256668534,0.9166321754
AUDIT_0006,0.8694234957,0.9213295579,0.9999996424,0.191708371,0.8694238067
AUDIT_0005,0.8742288958,0.6309709549,0.9999985695,0.1220063195,0.8742301464
AUDIT_0004,0.9822759138,0.8733815551,0.999999404,0.0290036034,0.9822764993
AUDIT_0003,0.8692479161,0.7967886329,0.9999995232,0.5781401396,0.8692483306
AUDIT_0002,0.8733674724,0.7785792947,0.9999822378,0.4221015573,0.8733829856
AUDIT_0001,0.90822726,0.8144184947,0.999999404,0.0376210473,0.9082278013
AUDIT_0000,0.5473633183,0.6715319753,0.9999995232,0.3580932915,0.5473635793
